Rank,Puzzles,AMT (s),Solved rate,1-sigma Mean (s),1-sigma STD (s),difficulty
2,1 1 11 11,4.41,99.6,4.68,1.45,easy
18,1 1 12 12,5.03,99.4,5.4,1.66,easy
5,6 6 6 6,4.59,99.4,4.82,1.49,easy
25,1 1 13 13,5.16,99.3,5.45,1.66,easy
37,12 12 12 12,5.25,99.3,5.73,2.14,easy
41,1 1 11 12,5.27,99.3,5.67,1.8,easy
7,1 2 2 6,4.8,99.2,5.16,1.61,easy
10,1 1 1 12,4.86,99.2,5.18,1.63,easy
3,1 1 3 8,4.45,99.2,4.69,1.48,easy
1,1 1 4 6,4.4,99.2,4.67,1.48,easy
16,2 2 2 12,5.02,99.1,5.37,1.7,easy
33,1 1 11 13,5.23,99.1,5.66,1.85,easy
6,1 1 2 12,4.63,99.1,4.95,1.57,easy
51,1 1 5 5,5.35,99.1,5.71,1.8,easy
22,1 2 3 4,5.1,99.0,5.46,1.85,easy
78,2 2 4 6,5.54,99.0,5.92,1.9,easy
114,2 2 2 3,5.72,99.0,5.98,1.72,easy
8,1 1 10 12,4.81,99.0,5.06,1.54,easy
21,1 1 2 11,5.09,98.9,5.41,1.7,easy
14,4 6 11 11,5.0,98.9,5.38,1.73,easy
4,1 1 1 8,4.48,98.8,4.66,1.25,easy
52,3 3 12 12,5.36,98.7,5.83,2.03,easy
23,11 11 12 12,5.1,98.7,5.5,1.87,easy
34,1 6 6 12,5.24,98.7,5.57,1.72,easy
42,2 7 7 12,5.29,98.7,5.65,1.89,easy
104,2 2 12 12,5.68,98.7,6.21,2.26,easy
31,1 1 2 13,5.19,98.7,5.49,1.78,easy
60,1 1 12 13,5.42,98.7,5.8,1.84,easy
62,5 5 12 12,5.42,98.7,5.78,1.75,easy
68,2 5 5 12,5.46,98.7,5.87,1.99,easy
36,4 6 13 13,5.24,98.7,5.63,1.79,easy
30,4 6 7 7,5.18,98.6,5.53,1.83,easy
29,7 7 12 12,5.17,98.6,5.58,1.89,easy
59,12 12 13 13,5.4,98.6,5.79,1.91,easy
64,2 3 3 12,5.44,98.6,5.91,2.04,easy
74,4 4 12 12,5.51,98.6,5.93,2.05,easy
44,10 10 12 12,5.31,98.6,5.74,1.91,easy
79,1 6 7 12,5.56,98.5,5.97,1.97,easy
75,1 3 4 12,5.52,98.5,5.95,1.97,easy
55,8 8 12 12,5.38,98.5,5.8,1.95,easy
171,1 6 7 10,5.98,98.5,6.53,2.26,easy
126,1 5 6 12,5.79,98.5,6.17,2.07,easy
179,1 5 7 11,6.03,98.5,6.48,2.14,easy
20,1 1 2 6,5.09,98.4,5.4,1.61,easy
69,11 11 11 13,5.48,98.4,6.03,2.26,easy
210,1 2 3 10,6.16,98.4,6.47,2.0,easy
251,2 12 12 12,6.36,98.4,6.75,2.46,easy
121,6 6 12 12,5.75,98.4,6.31,2.35,easy
139,2 4 4 12,5.88,98.4,6.24,2.14,easy
50,9 9 12 12,5.34,98.3,5.84,2.11,easy
43,1 5 7 12,5.3,98.3,5.87,2.12,easy
222,2 2 4 5,6.21,98.3,6.6,2.11,easy
99,4 6 6 6,5.65,98.3,6.02,2.07,easy
87,1 4 7 12,5.59,98.3,5.99,2.02,easy
65,3 4 4 8,5.44,98.3,5.85,1.94,easy
111,1 6 6 11,5.71,98.2,6.18,2.24,easy
9,2 2 10 10,4.85,98.2,5.13,1.63,easy
186,1 6 8 9,6.05,98.2,6.5,2.36,easy
12,1 1 4 8,4.99,98.1,5.35,1.83,easy
177,1 5 8 12,6.02,98.1,6.51,2.23,easy
46,2 2 3 8,5.33,98.1,5.72,1.93,easy
39,4 4 4 6,5.26,98.1,5.61,1.94,easy
189,1 1 3 4,6.08,98.0,6.4,2.03,easy
124,2 2 3 12,5.76,98.0,6.17,2.02,easy
182,2 2 11 13,6.04,98.0,6.59,2.43,easy
316,2 2 8 12,6.61,98.0,7.06,2.29,easy
19,3 3 3 8,5.04,98.0,5.4,1.8,easy
98,1 1 10 13,5.65,97.9,6.09,2.2,easy
295,5 6 6 7,6.54,97.9,7.06,2.44,easy
212,1 5 7 13,6.16,97.9,6.53,2.09,easy
73,1 4 10 10,5.5,97.9,5.91,2.1,easy
96,4 4 11 13,5.64,97.9,6.25,2.36,easy
259,3 6 7 8,6.39,97.8,6.79,2.31,easy
128,6 6 11 13,5.79,97.8,6.3,2.25,easy
136,11 13 13 13,5.85,97.8,6.41,2.42,easy
107,1 7 7 10,5.7,97.8,6.17,2.18,easy
11,1 1 2 8,4.96,97.8,5.31,1.76,easy
100,5 5 7 7,5.65,97.8,5.97,1.91,easy
520,2 4 8 10,7.43,97.8,7.91,2.6,easy
311,2 3 4 6,6.6,97.8,7.01,2.29,easy
267,4 4 4 4,6.43,97.8,7.03,2.93,easy
53,1 1 4 5,5.38,97.8,5.77,2.02,easy
45,1 8 8 8,5.32,97.7,5.65,1.94,easy
364,1 6 8 11,6.84,97.7,7.3,2.46,easy
27,1 1 3 6,5.17,97.7,5.52,1.77,easy
270,2 6 6 12,6.44,97.7,6.97,2.55,easy
119,1 2 2 12,5.74,97.7,6.1,1.99,easy
213,3 3 3 6,6.17,97.7,6.71,2.56,easy
112,3 3 4 6,5.71,97.7,6.14,2.11,easy
245,1 2 10 11,6.32,97.6,6.66,2.39,easy
26,1 2 4 12,5.16,97.6,5.56,1.99,easy
152,10 10 11 13,5.91,97.6,6.49,2.37,easy
58,11 12 12 12,5.4,97.6,5.74,1.88,easy
183,3 9 9 9,6.04,97.6,6.47,2.16,easy
159,4 5 12 13,5.93,97.6,6.42,2.16,easy
269,1 6 9 9,6.44,97.5,6.87,2.52,easy
173,1 7 8 10,5.99,97.5,6.41,2.3,easy
285,1 4 6 13,6.51,97.5,6.96,2.39,easy
146,4 8 10 10,5.9,97.5,6.32,2.15,easy
147,1 4 8 12,5.91,97.5,6.26,2.2,easy
469,1 3 4 5,7.23,97.5,7.73,2.53,easy
117,3 8 8 8,5.73,97.5,6.09,2.14,easy
178,1 2 10 12,6.03,97.4,6.55,2.43,easy
258,1 6 7 11,6.39,97.4,7.02,2.89,easy
101,4 5 11 12,5.66,97.4,6.06,2.09,easy
86,2 3 12 12,5.58,97.4,5.97,2.0,easy
85,1 1 1 13,5.58,97.4,5.9,1.77,easy
170,1 2 6 6,5.98,97.4,6.41,2.25,easy
201,5 6 12 13,6.11,97.4,6.51,2.17,easy
17,1 1 4 12,5.03,97.4,5.45,1.85,easy
82,1 3 10 10,5.57,97.4,5.87,2.0,easy
163,2 8 8 12,5.95,97.4,6.47,2.44,easy
325,1 4 8 13,6.68,97.4,7.07,2.44,easy
89,1 3 3 4,5.61,97.4,5.86,1.79,easy
106,3 7 7 7,5.69,97.4,6.03,2.02,easy
174,4 5 5 5,5.99,97.4,6.55,2.42,easy
125,3 4 4 6,5.77,97.4,6.1,1.93,easy
118,12 12 12 13,5.73,97.4,6.07,1.98,easy
129,7 7 11 13,5.79,97.4,6.32,2.29,easy
47,2 9 9 12,5.33,97.3,5.74,2.0,easy
451,4 6 6 8,7.14,97.3,7.61,2.61,easy
40,1 1 1 11,5.27,97.3,5.56,1.66,easy
108,4 5 5 6,5.7,97.3,6.11,2.11,easy
166,3 7 10 10,5.96,97.3,6.35,2.19,easy
235,1 5 10 10,6.28,97.3,6.65,2.3,easy
15,1 1 3 12,5.02,97.3,5.36,1.84,easy
161,1 2 11 11,5.95,97.3,6.44,2.44,easy
227,1 2 13 13,6.23,97.2,6.93,2.69,easy
266,1 6 6 13,6.42,97.2,6.8,2.44,easy
38,2 11 11 12,5.26,97.2,5.68,2.0,easy
150,5 6 11 12,5.91,97.2,6.36,2.23,easy
341,6 8 10 12,6.74,97.2,7.28,2.79,easy
192,1 1 9 13,6.09,97.2,6.55,2.54,easy
184,1 1 6 6,6.05,97.2,6.46,2.19,easy
233,1 3 11 11,6.27,97.2,6.68,2.43,easy
265,1 3 6 6,6.42,97.2,6.89,2.58,easy
70,2 12 13 13,5.49,97.1,5.85,2.04,easy
385,1 2 2 11,6.92,97.1,7.46,2.95,easy
297,1 6 8 10,6.55,97.1,6.98,2.39,easy
57,5 6 12 12,5.39,97.1,5.78,1.81,easy
97,1 1 4 7,5.65,97.1,5.95,2.07,easy
154,1 7 8 9,5.92,97.1,6.38,2.27,easy
172,1 2 4 4,5.99,97.1,6.33,2.14,easy
377,4 7 10 11,6.89,97.0,7.42,2.74,easy
164,3 6 6 8,5.95,97.0,6.35,2.24,easy
219,1 2 3 8,6.2,97.0,6.61,2.38,easy
349,11 12 12 13,6.78,97.0,7.39,2.67,easy
460,3 4 5 12,7.18,97.0,7.61,2.67,easy
320,1 2 3 6,6.65,97.0,7.08,2.43,easy
306,1 3 13 13,6.59,97.0,7.11,2.6,easy
148,2 10 10 12,5.91,97.0,6.29,2.31,easy
28,1 1 3 9,5.17,97.0,5.52,1.85,easy
313,1 2 10 13,6.61,97.0,7.12,2.72,easy
35,4 5 12 12,5.24,97.0,5.6,1.79,easy
67,3 8 9 9,5.45,97.0,5.83,1.98,easy
88,8 8 11 13,5.6,97.0,6.1,2.29,easy
83,2 3 3 8,5.57,96.9,5.94,1.94,easy
84,3 5 5 8,5.57,96.9,5.97,2.08,easy
202,3 3 11 13,6.12,96.9,6.62,2.5,easy
214,3 3 3 12,6.17,96.9,6.65,2.46,easy
388,1 2 11 12,6.93,96.9,7.63,3.2,easy
234,1 4 4 5,6.27,96.9,6.82,2.67,easy
72,1 1 3 7,5.5,96.8,5.82,1.95,easy
95,2 7 7 8,5.64,96.8,5.94,1.99,easy
32,1 1 5 6,5.19,96.8,5.62,2.04,easy
138,1 3 6 12,5.88,96.8,6.27,2.18,easy
141,4 6 8 8,5.88,96.8,6.31,2.23,easy
132,9 9 11 13,5.81,96.8,6.35,2.41,easy
54,1 6 8 12,5.38,96.8,5.77,2.0,easy
304,1 7 7 11,6.58,96.8,7.15,2.6,easy
176,1 2 6 12,6.01,96.8,6.38,2.24,easy
305,4 6 12 12,6.58,96.8,7.03,2.42,easy
243,6 7 11 12,6.3,96.8,6.84,2.59,easy
414,1 3 7 13,7.01,96.8,7.4,2.64,easy
24,3 7 7 8,5.11,96.7,5.48,1.89,easy
314,1 3 3 9,6.61,96.7,7.15,2.85,easy
331,5 7 10 12,6.69,96.7,7.13,2.44,easy
494,10 11 11 12,7.31,96.7,7.8,2.8,easy
216,1 4 7 8,6.19,96.6,6.68,2.71,easy
410,4 4 4 12,6.99,96.6,7.46,2.94,easy
352,3 4 5 7,6.81,96.6,7.28,2.65,easy
194,1 7 8 8,6.09,96.6,6.61,2.66,easy
397,2 6 7 13,6.96,96.6,7.37,2.66,easy
131,1 4 6 12,5.81,96.6,6.23,2.41,easy
563,1 3 8 12,7.64,96.6,8.14,2.9,easy
110,1 2 2 10,5.71,96.6,6.05,2.11,easy
318,3 4 10 13,6.63,96.5,7.15,2.82,easy
181,3 8 12 12,6.03,96.5,6.47,2.46,easy
481,2 4 10 12,7.28,96.5,7.94,3.12,easy
185,1 2 4 8,6.05,96.5,6.44,2.31,easy
229,1 4 8 8,6.24,96.5,6.71,2.48,easy
80,1 8 9 12,5.56,96.5,5.87,1.96,easy
76,5 5 11 12,5.52,96.5,5.89,1.9,easy
293,1 4 7 13,6.54,96.5,7.22,2.95,easy
237,2 2 2 8,6.28,96.4,6.84,2.73,easy
407,6 7 10 13,6.98,96.4,7.5,2.75,easy
137,4 6 6 7,5.87,96.4,6.23,2.1,easy
226,1 1 5 7,6.23,96.4,6.56,2.09,easy
370,7 8 12 13,6.87,96.4,7.34,2.62,easy
135,3 4 11 13,5.84,96.4,6.32,2.35,easy
435,1 2 2 13,7.09,96.4,7.64,3.12,easy
519,1 2 3 9,7.43,96.4,7.98,3.1,easy
432,1 3 10 12,7.07,96.4,7.55,2.75,easy
358,2 4 4 8,6.82,96.4,7.23,2.67,easy
61,1 3 5 12,5.42,96.4,5.79,2.1,easy
368,1 3 10 11,6.87,96.4,7.53,3.1,easy
13,1 1 5 8,5.0,96.4,5.36,1.81,easy
90,1 8 8 12,5.61,96.3,5.91,1.9,easy
317,2 5 6 11,6.63,96.3,7.12,2.59,easy
422,1 7 7 9,7.03,96.3,7.4,2.83,easy
252,1 8 8 9,6.37,96.3,6.9,2.71,easy
359,4 4 4 8,6.82,96.3,7.38,2.8,easy
120,2 8 9 9,5.74,96.3,6.13,2.1,easy
294,1 5 8 10,6.54,96.3,7.09,2.54,easy
362,7 9 13 13,6.83,96.3,7.42,2.78,easy
168,4 6 10 10,5.97,96.3,6.34,2.37,easy
127,4 6 9 9,5.79,96.3,6.17,2.22,easy
307,3 8 9 10,6.59,96.2,6.95,2.46,easy
144,2 4 11 11,5.9,96.2,6.33,2.34,easy
199,3 3 4 8,6.1,96.2,6.43,2.14,easy
302,7 8 11 12,6.57,96.2,7.05,2.64,easy
190,1 3 9 12,6.08,96.2,6.48,2.34,easy
427,2 3 5 5,7.05,96.2,7.57,2.94,easy
625,2 3 3 6,7.95,96.2,8.45,2.96,easy
447,1 2 4 10,7.13,96.2,7.62,3.17,easy
122,8 9 12 12,5.75,96.2,6.26,2.24,easy
588,3 6 6 9,7.77,96.2,8.24,2.96,easy
231,1 2 3 12,6.25,96.2,6.8,2.53,easy
344,3 3 5 6,6.76,96.2,7.36,2.7,easy
282,3 4 5 8,6.5,96.1,6.96,2.63,easy
225,5 5 5 6,6.22,96.1,6.68,2.34,easy
209,5 5 11 13,6.15,96.1,6.75,2.52,easy
350,5 7 11 11,6.79,96.1,7.22,2.67,easy
279,1 4 4 7,6.49,96.1,7.22,3.18,easy
260,1 2 8 8,6.4,96.1,6.97,2.74,easy
440,2 2 7 13,7.1,96.1,7.59,2.92,easy
382,9 10 11 12,6.9,96.1,7.41,2.76,easy
537,1 2 3 7,7.5,96.1,8.17,3.2,easy
92,7 8 12 12,5.63,96.1,6.07,2.12,easy
133,3 8 12 13,5.82,96.0,6.19,2.2,easy
450,1 3 4 11,7.14,96.0,7.65,2.91,easy
56,3 8 11 11,5.39,96.0,5.74,2.09,easy
384,8 9 12 13,6.91,96.0,7.4,2.7,easy
466,2 6 7 9,7.21,96.0,7.75,3.0,easy
383,1 3 6 7,6.91,96.0,7.32,2.81,easy
324,3 3 3 3,6.67,96.0,7.4,3.34,easy
193,1 2 6 8,6.09,95.9,6.41,2.33,easy
504,4 4 5 8,7.37,95.9,7.72,2.57,easy
143,10 11 12 12,5.89,95.9,6.27,2.05,easy
103,1 7 9 12,5.68,95.9,6.08,2.24,easy
551,1 2 12 13,7.58,95.9,8.31,3.37,easy
496,3 3 9 9,7.32,95.9,7.7,2.77,easy
91,3 7 8 8,5.63,95.9,5.99,2.03,easy
262,1 3 3 7,6.41,95.9,7.25,3.33,easy
300,2 10 11 12,6.56,95.9,6.86,2.4,easy
522,2 6 6 6,7.45,95.9,8.01,3.06,easy
343,2 3 12 13,6.76,95.9,7.24,2.63,easy
280,1 2 4 6,6.5,95.9,6.88,2.53,easy
567,1 4 9 12,7.67,95.9,8.33,3.37,easy
351,2 2 2 4,6.8,95.9,7.13,2.48,easy
264,3 6 10 11,6.41,95.8,7.05,2.86,easy
637,10 11 12 13,8.01,95.8,8.62,3.48,easy
241,7 9 11 11,6.29,95.8,6.77,2.64,easy
217,1 10 12 12,6.19,95.8,6.81,2.94,easy
539,2 2 6 6,7.51,95.8,8.02,3.05,easy
530,1 4 5 5,7.48,95.8,7.91,2.68,easy
292,4 6 7 8,6.53,95.8,6.96,2.48,easy
255,1 2 12 12,6.38,95.8,6.71,2.2,easy
371,8 9 10 13,6.87,95.8,7.37,2.65,easy
613,2 2 4 8,7.89,95.8,8.41,3.08,easy
157,9 10 12 12,5.92,95.7,6.24,2.02,easy
276,6 10 10 10,6.47,95.7,6.74,2.31,easy
240,4 4 5 6,6.29,95.7,6.6,2.26,easy
730,1 2 3 11,8.58,95.7,8.98,3.39,easy
463,4 8 10 12,7.19,95.7,7.71,2.86,easy
515,1 4 4 4,7.41,95.7,7.86,2.86,easy
142,1 4 5 12,5.89,95.7,6.33,2.33,easy
442,2 6 10 10,7.11,95.7,7.58,2.96,easy
81,6 7 12 12,5.56,95.6,5.93,2.03,easy
272,1 7 8 12,6.45,95.6,6.97,2.67,easy
205,5 5 12 13,6.14,95.6,6.62,2.14,easy
360,2 4 13 13,6.83,95.6,7.34,2.76,easy
134,1 8 10 12,5.83,95.6,6.16,2.19,easy
105,1 1 2 10,5.69,95.6,5.96,1.81,easy
573,4 5 7 8,7.7,95.6,8.19,3.15,easy
495,2 5 6 8,7.32,95.6,7.91,3.03,easy
546,4 4 8 8,7.53,95.6,8.13,3.2,easy
130,1 4 4 12,5.81,95.6,6.31,2.36,easy
66,3 8 10 10,5.44,95.6,5.89,2.25,easy
77,1 2 5 8,5.54,95.5,5.94,2.26,easy
63,1 9 9 12,5.44,95.5,5.72,1.78,easy
523,2 6 9 11,7.45,95.5,7.93,3.13,easy
827,2 2 6 8,9.27,95.5,9.69,3.59,easy
734,1 2 3 3,8.59,95.5,8.93,2.98,easy
406,3 8 8 9,6.98,95.5,7.29,2.5,easy
542,1 2 2 4,7.52,95.5,7.83,2.44,easy
333,1 3 3 3,6.71,95.5,7.09,2.55,easy
366,2 6 6 8,6.85,95.5,7.42,2.98,easy
242,2 12 12 13,6.3,95.5,6.69,2.37,easy
436,2 5 9 12,7.09,95.4,7.53,2.84,easy
335,1 1 2 7,6.73,95.4,6.96,2.07,easy
596,1 4 8 11,7.83,95.4,8.26,2.85,easy
197,2 11 12 12,6.09,95.4,6.49,2.27,easy
391,3 6 6 12,6.94,95.4,7.6,2.84,easy
438,1 2 3 5,7.1,95.4,7.39,2.38,easy
160,1 3 6 8,5.94,95.4,6.37,2.53,easy
94,1 2 5 12,5.64,95.4,6.09,2.2,easy
327,6 7 12 13,6.68,95.4,7.17,2.72,easy
102,1 6 9 12,5.67,95.4,6.05,2.13,easy
153,1 3 3 12,5.92,95.3,6.32,2.31,easy
283,4 5 6 6,6.5,95.3,6.81,2.33,easy
511,2 2 4 7,7.4,95.3,8.06,3.15,easy
363,9 11 11 11,6.83,95.3,7.21,2.76,easy
167,2 8 10 10,5.97,95.3,6.28,2.07,easy
365,1 1 3 5,6.85,95.2,7.17,2.32,easy
356,8 9 11 12,6.81,95.2,7.45,3.01,easy
516,9 10 10 13,7.41,95.2,7.86,3.02,easy
165,5 5 5 5,5.95,95.2,6.36,2.16,easy
109,4 8 11 11,5.7,95.1,6.01,1.98,easy
263,2 5 6 12,6.41,95.1,6.8,2.52,easy
275,1 3 5 8,6.47,95.1,7.13,2.89,easy
223,11 12 13 13,6.21,95.1,6.69,2.43,easy
674,2 2 6 10,8.21,95.1,8.64,3.02,easy
169,1 1 3 13,5.98,95.1,6.36,2.13,easy
396,2 6 10 12,6.95,95.1,7.43,2.81,easy
284,1 3 3 5,6.51,95.1,6.76,2.46,easy
328,1 2 5 5,6.69,95.1,7.19,2.91,easy
446,3 4 11 12,7.12,95.1,7.75,3.35,easy
439,1 3 9 11,7.1,95.1,7.65,3.15,easy
405,1 2 6 7,6.98,95.1,7.35,2.55,easy
630,1 2 5 9,7.98,95.0,8.48,3.09,easy
746,1 3 4 7,8.67,95.0,9.48,3.83,easy
559,2 3 5 6,7.63,95.0,8.05,2.95,easy
376,2 8 12 12,6.89,95.0,7.27,2.62,easy
389,2 4 5 8,6.93,95.0,7.31,2.74,easy
565,1 4 10 11,7.65,95.0,8.1,3.15,easy
655,3 7 8 12,8.11,95.0,8.61,3.22,easy
572,3 3 4 12,7.7,95.0,8.34,3.2,easy
323,2 8 9 12,6.66,95.0,7.04,2.72,easy
336,1 2 5 7,6.73,95.0,7.07,2.65,easy
404,11 11 12 13,6.97,94.9,7.39,2.48,easy
531,1 5 5 6,7.48,94.9,7.99,3.07,easy
484,1 1 6 8,7.29,94.9,7.62,2.55,easy
646,4 7 9 12,8.07,94.9,8.58,3.25,easy
239,2 7 8 12,6.29,94.9,6.73,2.56,easy
345,2 11 11 13,6.77,94.9,7.28,2.84,easy
208,2 3 11 12,6.15,94.8,6.74,2.75,easy
631,2 7 8 11,7.98,94.8,8.57,3.59,easy
49,3 8 13 13,5.34,94.8,5.68,2.06,easy
507,3 5 10 12,7.38,94.8,7.95,3.1,easy
123,1 5 8 8,5.76,94.8,6.35,2.69,easy
236,1 8 10 13,6.28,94.8,6.6,2.43,easy
48,11 11 11 12,5.33,94.8,5.61,1.99,easy
623,2 3 5 11,7.93,94.8,8.43,3.29,easy
430,8 10 11 11,7.05,94.8,7.45,2.76,easy
256,2 8 10 11,6.38,94.7,6.87,2.62,easy
299,3 9 9 12,6.55,94.7,6.92,2.56,easy
288,10 11 11 13,6.51,94.7,6.91,2.63,easy
247,1 5 7 8,6.33,94.7,6.71,2.42,easy
499,2 3 7 12,7.34,94.7,7.81,3.04,easy
549,2 4 5 13,7.55,94.7,8.14,3.25,easy
115,3 3 11 12,5.72,94.7,6.11,2.19,easy
521,1 7 9 9,7.44,94.7,7.92,3.19,easy
357,1 1 2 9,6.82,94.6,7.11,2.33,easy
354,4 8 8 8,6.81,94.6,7.16,2.75,easy
687,2 4 4 4,8.31,94.6,8.76,3.19,easy
310,1 10 11 12,6.6,94.6,6.98,2.5,easy
303,1 2 5 6,6.58,94.6,7.11,2.75,easy
287,2 4 5 12,6.51,94.5,6.96,2.87,easy
485,2 2 3 9,7.29,94.5,7.73,2.88,easy
162,1 6 12 12,5.95,94.5,6.37,2.45,easy
553,3 4 9 12,7.58,94.5,8.02,3.08,easy
187,3 4 12 12,6.05,94.5,6.52,2.48,easy
175,1 1 4 4,6.01,94.5,6.31,2.43,easy
683,1 3 4 9,8.3,94.5,8.8,3.81,easy
149,3 6 13 13,5.91,94.5,6.15,1.95,easy
145,4 6 10 11,5.9,94.5,6.3,2.39,easy
298,3 5 11 11,6.55,94.5,7.06,2.97,easy
924,2 4 6 12,10.23,94.5,11.06,4.75,easy
459,1 5 9 9,7.18,94.4,7.69,3.15,easy
221,1 4 6 8,6.21,94.4,6.57,2.52,easy
188,4 8 13 13,6.05,94.4,6.27,1.91,easy
497,3 6 6 6,7.32,94.4,7.75,3.15,easy
766,4 8 8 12,8.83,94.4,9.39,3.84,easy
657,1 4 9 11,8.12,94.4,8.78,3.71,easy
116,3 6 11 11,5.72,94.4,5.99,2.05,easy
437,3 3 4 4,7.09,94.4,7.45,2.69,easy
156,3 8 10 11,5.92,94.4,6.27,2.35,easy
603,1 2 6 9,7.86,94.3,8.4,3.58,easy
589,1 2 2 5,7.79,94.3,8.03,2.83,easy
278,1 1 3 11,6.49,94.3,6.73,1.97,easy
289,12 13 13 13,6.52,94.3,6.85,2.44,easy
715,1 2 7 8,8.49,94.3,9.01,3.53,easy
444,1 10 12 13,7.12,94.3,7.45,2.83,easy
743,2 2 8 10,8.65,94.3,9.26,3.29,easy
642,8 10 10 12,8.05,94.3,8.52,3.4,easy
739,1 2 5 13,8.62,94.3,9.16,3.68,easy
478,1 6 8 13,7.27,94.3,7.7,2.83,easy
380,3 3 3 10,6.9,94.3,7.47,3.25,easy
155,1 12 13 13,5.92,94.3,6.25,2.17,easy
467,3 5 13 13,7.22,94.3,7.71,3.07,easy
662,4 6 8 12,8.14,94.2,8.76,3.48,easy
381,6 8 11 11,6.9,94.2,7.43,3.06,easy
552,2 3 4 12,7.58,94.2,8.09,3.28,easy
860,3 3 6 9,9.57,94.2,10.28,4.1,easy
529,5 7 13 13,7.47,94.2,7.87,3.21,easy
609,10 12 13 13,7.87,94.2,8.32,2.93,easy
308,3 10 10 12,6.59,94.2,6.94,2.35,easy
378,1 11 12 12,6.9,94.2,7.43,3.1,easy
191,3 8 11 12,6.08,94.2,6.55,2.64,easy
462,1 12 12 13,7.19,94.2,7.7,3.12,easy
555,2 2 4 10,7.61,94.1,8.01,2.92,easy
722,2 4 6 6,8.52,94.1,9.27,3.98,easy
654,1 3 4 13,8.11,94.1,8.7,3.66,easy
569,2 2 2 10,7.68,94.1,8.13,3.33,easy
257,2 11 13 13,6.38,94.1,6.88,2.52,easy
681,2 5 10 11,8.28,94.1,8.85,3.5,easy
600,1 4 4 9,7.85,94.1,8.25,3.34,easy
738,2 6 6 10,8.61,94.1,9.05,3.64,easy
419,1 3 5 13,7.02,94.1,7.43,2.72,easy
610,2 2 6 12,7.88,94.1,8.48,3.48,easy
249,9 9 12 13,6.33,94.0,6.69,2.25,easy
393,4 7 8 8,6.94,94.0,7.33,2.53,easy
940,2 6 8 12,10.45,94.0,11.09,4.51,easy
433,2 3 3 13,7.07,94.0,7.6,2.92,easy
758,3 4 7 7,8.75,94.0,9.41,3.8,easy
490,2 7 8 13,7.3,94.0,7.84,3.11,easy
416,3 6 9 9,7.01,94.0,7.6,3.28,easy
823,2 3 4 4,9.25,94.0,9.67,3.57,easy
477,7 9 10 12,7.26,94.0,7.78,3.16,easy
486,3 3 4 5,7.29,94.0,7.75,3.18,easy
740,6 8 9 13,8.62,93.9,9.3,3.96,easy
246,1 5 8 9,6.32,93.9,6.76,2.62,easy
636,4 4 6 12,8.01,93.9,8.69,3.77,easy
611,3 4 5 5,7.88,93.9,8.56,3.65,easy
648,2 4 8 8,8.08,93.9,8.75,4.12,easy
445,2 8 8 8,7.12,93.9,7.68,3.28,easy
93,9 9 11 12,5.63,93.9,5.98,2.15,easy
228,7 7 12 13,6.23,93.9,6.63,2.35,easy
658,2 7 9 10,8.12,93.9,8.52,3.2,easy
244,4 6 12 13,6.31,93.8,6.82,2.88,easy
736,4 6 10 12,8.59,93.8,9.17,3.92,easy
198,4 7 7 8,6.09,93.8,6.55,2.52,easy
423,3 7 12 13,7.03,93.8,7.5,3.0,easy
650,2 4 8 12,8.09,93.8,8.86,4.19,easy
455,2 9 10 12,7.16,93.8,7.49,2.83,easy
615,2 4 6 10,7.9,93.8,8.32,3.37,easy
706,3 6 8 9,8.42,93.8,8.82,3.16,easy
501,1 11 12 13,7.35,93.8,7.77,3.19,easy
580,6 6 10 12,7.72,93.8,8.14,3.07,easy
742,1 3 9 13,8.65,93.7,9.25,4.13,medium
472,1 7 9 13,7.25,93.7,7.5,2.52,medium
369,1 9 10 12,6.87,93.7,7.18,2.72,medium
151,6 6 10 13,5.91,93.7,6.43,2.68,medium
544,2 2 7 8,7.53,93.7,7.88,2.98,medium
71,7 7 11 12,5.49,93.7,5.78,2.05,medium
315,1 9 11 12,6.61,93.7,7.05,2.97,medium
337,1 5 6 6,6.73,93.6,7.41,3.4,medium
548,1 2 4 13,7.55,93.6,7.88,2.93,medium
321,3 6 6 7,6.65,93.6,7.09,2.67,medium
339,1 6 6 10,6.74,93.6,7.09,3.03,medium
652,2 4 9 13,8.1,93.6,8.44,3.5,medium
576,5 6 7 8,7.71,93.5,8.21,3.11,medium
493,7 10 10 11,7.3,93.5,7.63,2.94,medium
348,1 2 11 13,6.78,93.5,7.42,3.1,medium
392,4 6 9 10,6.94,93.5,7.45,3.24,medium
220,4 4 10 13,6.2,93.5,6.71,2.79,medium
502,3 5 6 8,7.35,93.5,7.83,3.19,medium
644,1 5 9 10,8.07,93.5,8.59,3.77,medium
672,9 10 12 13,8.19,93.5,8.76,3.56,medium
679,1 2 8 9,8.28,93.4,8.87,3.42,medium
726,3 7 7 13,8.56,93.4,8.84,3.13,medium
322,1 12 12 12,6.66,93.4,6.88,2.57,medium
342,2 2 2 13,6.75,93.4,7.1,2.72,medium
465,3 6 11 12,7.2,93.4,7.7,3.18,medium
721,2 3 10 13,8.51,93.4,9.02,3.94,medium
158,1 11 11 12,5.93,93.4,6.17,2.22,medium
479,3 4 8 10,7.27,93.4,7.66,3.19,medium
543,3 5 6 12,7.52,93.4,8.04,3.23,medium
372,1 1 4 9,6.88,93.4,7.08,2.33,medium
663,1 5 5 13,8.15,93.3,8.37,3.21,medium
627,2 2 3 3,7.96,93.3,8.29,3.26,medium
1003,2 4 6 8,11.33,93.3,11.77,4.44,medium
140,3 6 7 7,5.88,93.3,6.24,2.33,medium
684,3 4 7 10,8.3,93.3,8.54,3.42,medium
215,10 10 11 12,6.17,93.3,6.53,2.29,medium
622,4 6 8 9,7.92,93.3,8.35,3.38,medium
834,3 4 6 12,9.34,93.3,9.85,3.99,medium
825,1 2 7 9,9.26,93.3,9.74,3.81,medium
386,1 8 8 11,6.92,93.3,7.39,3.42,medium
340,3 3 12 13,6.74,93.3,7.19,2.64,medium
224,1 2 2 8,6.22,93.3,6.65,2.63,medium
564,2 6 8 11,7.64,93.3,8.07,3.38,medium
727,1 2 9 13,8.57,93.3,9.21,4.17,medium
503,6 8 13 13,7.35,93.3,7.82,3.08,medium
724,4 5 8 12,8.54,93.3,9.08,3.71,medium
705,1 4 9 10,8.42,93.2,8.85,3.63,medium
329,2 2 5 5,6.69,93.2,7.07,2.49,medium
604,3 4 12 13,7.86,93.2,8.45,3.71,medium
586,1 3 5 11,7.76,93.2,8.11,2.86,medium
206,10 13 13 13,6.14,93.2,6.58,2.78,medium
538,4 4 7 9,7.5,93.2,7.9,3.39,medium
578,2 6 8 10,7.72,93.2,8.22,3.44,medium
326,4 4 5 5,6.68,93.2,7.11,2.52,medium
831,2 3 3 9,9.31,93.2,9.71,3.76,medium
820,2 3 8 12,9.23,93.2,9.73,3.79,medium
789,1 3 5 10,8.97,93.2,9.46,3.7,medium
367,1 3 4 4,6.87,93.1,7.15,3.02,medium
417,5 5 6 6,7.01,93.1,7.48,2.79,medium
908,2 3 6 9,10.1,93.1,10.54,4.14,medium
632,1 3 6 9,7.99,93.1,8.49,3.2,medium
801,1 5 9 11,9.02,93.1,9.53,3.93,medium
616,3 4 7 9,7.9,93.1,8.33,3.73,medium
409,1 6 8 8,6.99,93.0,7.31,2.92,medium
777,2 5 8 13,8.87,93.0,9.39,3.91,medium
470,3 9 10 11,7.23,93.0,7.61,2.93,medium
570,3 6 12 12,7.69,93.0,8.24,3.48,medium
747,4 8 9 11,8.68,93.0,9.16,3.89,medium
709,1 3 4 10,8.45,92.9,8.73,3.35,medium
425,4 8 11 12,7.04,92.9,7.64,3.18,medium
547,3 6 10 12,7.54,92.9,8.05,3.43,medium
268,10 10 10 13,6.43,92.9,6.86,2.99,medium
464,5 9 10 10,7.19,92.8,7.58,3.05,medium
818,2 8 8 10,9.22,92.8,9.44,3.77,medium
301,2 8 8 13,6.57,92.8,6.94,2.55,medium
614,3 6 7 9,7.89,92.8,8.34,3.48,medium
312,4 6 11 12,6.6,92.8,6.98,2.9,medium
927,3 6 9 12,10.27,92.7,10.72,4.16,medium
669,2 4 8 11,8.17,92.7,8.49,3.62,medium
853,2 3 8 11,9.53,92.7,10.12,4.06,medium
512,3 6 8 8,7.4,92.7,7.74,2.98,medium
550,2 7 8 8,7.57,92.6,7.97,3.08,medium
488,1 8 9 11,7.3,92.6,7.63,3.1,medium
415,1 7 8 11,7.01,92.6,7.4,3.08,medium
281,1 9 12 12,6.5,92.6,6.86,2.82,medium
585,6 6 9 12,7.75,92.6,8.12,3.31,medium
426,1 7 10 12,7.05,92.6,7.46,2.96,medium
619,8 10 13 13,7.91,92.5,8.29,3.33,medium
744,2 4 7 11,8.66,92.5,8.98,3.79,medium
851,2 6 8 8,9.51,92.5,9.87,4.08,medium
778,3 5 6 9,8.88,92.5,9.31,3.67,medium
645,2 3 4 8,8.07,92.5,8.78,4.01,medium
628,1 4 6 11,7.97,92.5,8.28,3.23,medium
533,5 10 13 13,7.48,92.5,7.93,2.78,medium
808,2 5 8 9,9.1,92.5,9.42,3.73,medium
664,3 6 9 10,8.15,92.4,8.48,3.56,medium
420,1 8 8 10,7.02,92.4,7.36,2.99,medium
633,3 4 10 12,8.0,92.4,8.38,3.5,medium
448,4 7 12 13,7.13,92.4,7.74,3.4,medium
621,3 12 12 13,7.92,92.4,8.3,3.26,medium
571,1 2 9 12,7.7,92.4,8.32,3.81,medium
626,5 8 8 13,7.95,92.4,8.33,3.65,medium
476,5 5 7 8,7.26,92.4,7.71,2.94,medium
200,2 2 11 12,6.11,92.3,6.5,2.56,medium
180,1 10 10 12,6.03,92.3,6.24,2.1,medium
643,4 8 8 9,8.06,92.3,8.3,3.05,medium
638,2 5 6 7,8.02,92.3,8.49,3.62,medium
828,5 8 9 12,9.29,92.3,9.72,3.87,medium
757,2 5 7 10,8.75,92.2,9.15,3.72,medium
810,2 3 6 10,9.11,92.2,9.33,3.75,medium
443,10 10 12 13,7.11,92.2,7.43,2.6,medium
666,3 5 6 6,8.16,92.2,8.67,3.6,medium
703,3 3 7 11,8.41,92.2,8.7,3.56,medium
379,3 3 3 7,6.9,92.2,7.32,3.12,medium
232,1 3 8 9,6.27,92.2,6.82,3.18,medium
500,5 6 8 8,7.34,92.2,7.69,2.92,medium
429,8 8 12 13,7.05,92.1,7.35,2.65,medium
832,3 3 4 9,9.34,92.1,9.67,3.77,medium
699,2 3 3 7,8.4,92.1,8.85,3.69,medium
402,2 2 12 13,6.97,92.1,7.25,2.6,medium
779,7 8 10 13,8.89,92.1,9.4,4.08,medium
693,4 7 8 9,8.37,92.1,8.77,3.69,medium
639,3 5 8 8,8.02,92.1,8.48,3.85,medium
286,2 2 2 11,6.51,92.1,6.79,2.66,medium
760,2 3 5 9,8.79,92.0,9.31,4.31,medium
309,4 4 12 13,6.59,92.0,6.95,2.49,medium
635,4 10 12 12,8.0,92.0,8.42,3.34,medium
971,4 4 8 12,10.87,92.0,11.49,4.93,medium
296,1 5 10 12,6.55,92.0,6.96,3.07,medium
601,1 4 4 10,7.85,92.0,8.06,3.4,medium
375,2 5 5 13,6.89,92.0,7.28,2.71,medium
428,2 6 7 12,7.05,92.0,7.2,2.91,medium
554,9 11 13 13,7.6,92.0,8.11,3.19,medium
113,4 4 11 12,5.71,91.9,6.06,2.35,medium
441,1 5 6 9,7.11,91.9,7.56,3.43,medium
536,3 7 9 10,7.49,91.9,8.06,3.46,medium
590,1 2 4 11,7.8,91.9,8.06,2.8,medium
277,2 3 11 13,6.48,91.9,6.91,2.78,medium
954,2 3 6 6,10.65,91.9,11.04,4.36,medium
869,2 3 4 10,9.72,91.9,10.1,4.16,medium
673,1 3 6 13,8.2,91.8,8.44,3.17,medium
731,2 4 6 9,8.58,91.8,9.06,4.19,medium
844,1 6 9 10,9.46,91.8,9.7,3.71,medium
879,1 2 5 10,9.83,91.7,10.06,3.98,medium
532,4 8 12 13,7.48,91.7,8.18,3.7,medium
704,3 3 8 12,8.41,91.7,8.97,3.88,medium
461,5 6 11 13,7.18,91.7,7.75,3.37,medium
949,1 2 3 13,10.59,91.7,10.95,4.79,medium
750,2 3 7 11,8.7,91.7,9.09,4.21,medium
697,1 2 2 7,8.39,91.7,8.72,3.35,medium
793,2 2 3 6,8.99,91.6,9.28,4.01,medium
612,6 7 8 10,7.88,91.6,8.4,3.57,medium
453,3 8 8 12,7.15,91.5,7.62,3.1,medium
598,2 2 9 11,7.84,91.5,8.16,3.28,medium
676,2 2 4 11,8.24,91.5,8.59,3.66,medium
759,6 8 12 12,8.77,91.5,9.48,4.23,medium
649,2 7 11 12,8.08,91.5,8.43,3.4,medium
587,1 5 6 10,7.76,91.5,8.1,3.24,medium
473,1 8 11 12,7.25,91.5,7.77,3.41,medium
711,5 6 10 13,8.45,91.5,9.12,4.24,medium
230,3 11 11 12,6.24,91.4,6.44,2.17,medium
506,1 8 9 13,7.38,91.4,7.84,3.51,medium
620,2 5 6 13,7.92,91.4,8.41,3.61,medium
938,2 2 8 8,10.38,91.4,10.72,4.71,medium
487,5 8 8 10,7.29,91.4,7.77,3.37,medium
842,6 6 6 8,9.44,91.4,9.75,4.17,medium
761,4 4 8 10,8.8,91.4,9.13,4.36,medium
877,6 9 10 11,9.8,91.4,10.13,4.08,medium
861,3 5 9 13,9.57,91.3,9.91,4.01,medium
912,1 2 8 13,10.13,91.3,10.43,4.73,medium
716,1 11 13 13,8.49,91.3,8.83,3.74,medium
796,4 5 5 9,8.99,91.3,9.32,3.88,medium
700,2 4 7 10,8.4,91.2,8.67,3.82,medium
776,1 4 5 10,8.86,91.2,9.01,3.61,medium
238,1 4 12 12,6.29,91.2,6.53,2.49,medium
607,3 7 12 12,7.87,91.2,8.23,3.41,medium
346,4 5 7 7,6.77,91.2,7.37,3.44,medium
755,4 11 12 13,8.74,91.2,9.18,3.87,medium
204,2 13 13 13,6.14,91.1,6.32,2.32,medium
728,2 2 4 13,8.57,91.1,9.09,4.16,medium
764,3 4 4 5,8.83,91.1,9.13,3.95,medium
514,4 4 4 7,7.4,91.1,7.76,3.31,medium
332,1 1 6 12,6.7,91.1,7.36,3.37,medium
830,4 5 10 13,9.3,91.1,9.74,4.38,medium
387,4 5 10 10,6.92,91.0,7.24,3.04,medium
271,3 7 9 9,6.44,91.0,6.87,2.78,medium
1058,2 3 6 12,12.28,91.0,12.71,5.2,medium
988,2 4 5 6,11.11,91.0,11.61,4.46,medium
273,3 12 13 13,6.46,91.0,6.62,2.29,medium
668,6 8 8 10,8.16,91.0,8.62,4.02,medium
582,3 4 4 9,7.73,90.9,8.24,3.29,medium
606,3 12 12 12,7.86,90.9,8.17,3.42,medium
395,1 2 7 10,6.95,90.9,7.71,4.0,medium
888,5 7 9 13,9.94,90.9,10.39,4.07,medium
770,2 3 4 13,8.85,90.9,9.19,3.9,medium
338,9 9 10 13,6.73,90.9,6.9,2.68,medium
799,5 5 6 7,9.0,90.8,9.44,4.03,medium
712,3 11 12 12,8.46,90.8,8.71,3.28,medium
782,1 2 4 9,8.93,90.8,9.28,3.92,medium
855,6 6 8 12,9.53,90.8,9.88,4.21,medium
682,5 6 9 10,8.28,90.8,8.74,3.78,medium
685,6 6 7 9,8.3,90.7,8.63,3.71,medium
581,8 9 11 13,7.72,90.7,8.16,3.68,medium
854,4 7 8 13,9.53,90.7,9.97,4.28,medium
561,3 9 12 12,7.63,90.7,8.2,3.48,medium
957,3 4 6 8,10.69,90.7,11.2,5.02,medium
413,5 6 9 9,7.0,90.6,7.27,2.74,medium
701,2 9 12 13,8.4,90.6,8.82,3.86,medium
653,4 5 9 10,8.1,90.6,8.47,3.64,medium
577,1 6 9 13,7.72,90.6,8.12,3.96,medium
218,8 8 11 12,6.19,90.6,6.54,2.66,medium
660,4 4 10 12,8.13,90.6,8.54,3.93,medium
909,1 3 5 9,10.11,90.6,10.39,4.46,medium
698,1 2 6 13,8.4,90.6,8.88,3.9,medium
456,3 7 11 12,7.16,90.6,7.7,3.49,medium
656,1 4 5 11,8.12,90.6,8.37,3.88,medium
872,3 3 7 9,9.74,90.6,9.91,3.75,medium
634,3 7 10 11,8.0,90.5,8.27,3.37,medium
574,4 7 9 10,7.7,90.5,8.19,3.66,medium
981,3 4 6 6,11.01,90.5,11.26,4.63,medium
850,2 2 4 9,9.51,90.5,9.84,4.3,medium
751,2 8 9 11,8.7,90.5,9.1,3.77,medium
211,1 5 5 12,6.16,90.5,6.36,2.32,medium
786,2 3 9 9,8.96,90.5,9.32,3.95,medium
557,3 4 4 12,7.61,90.4,7.91,3.28,medium
250,8 8 8 10,6.35,90.4,6.7,2.91,medium
963,1 3 8 13,10.73,90.4,11.06,5.02,medium
568,4 8 10 11,7.67,90.4,7.98,3.45,medium
399,8 8 10 13,6.96,90.4,7.35,3.05,medium
248,4 8 9 9,6.33,90.4,6.49,2.28,medium
775,1 2 4 5,8.86,90.4,9.27,4.21,medium
723,4 5 6 7,8.54,90.3,8.94,3.82,medium
480,5 10 11 11,7.27,90.3,7.48,2.76,medium
867,1 5 6 13,9.7,90.3,10.08,4.65,medium
618,5 6 10 11,7.91,90.3,8.22,3.54,medium
475,1 6 6 9,7.26,90.3,7.7,3.26,medium
901,4 5 6 10,10.02,90.3,10.49,4.36,medium
457,4 5 11 13,7.17,90.3,7.59,3.29,medium
458,6 6 12 13,7.17,90.3,7.56,3.04,medium
678,3 4 5 10,8.26,90.3,8.62,3.99,medium
696,6 6 8 9,8.38,90.3,8.64,3.44,medium
524,3 4 4 7,7.45,90.3,7.87,3.37,medium
846,3 8 9 12,9.46,90.2,9.87,4.4,medium
710,2 9 10 13,8.45,90.2,9.07,4.07,medium
781,3 9 10 12,8.92,90.2,9.17,3.63,medium
1002,2 4 4 6,11.32,90.2,11.66,4.67,medium
847,2 3 6 11,9.47,90.2,9.82,4.38,medium
641,2 8 8 9,8.05,90.2,8.35,3.34,medium
816,3 3 6 11,9.21,90.2,9.66,4.44,medium
579,3 3 4 7,7.72,90.2,8.18,3.48,medium
195,2 8 13 13,6.09,90.2,6.39,2.56,medium
931,2 4 6 7,10.31,90.1,10.42,4.27,medium
401,2 2 10 13,6.97,90.1,7.23,3.03,medium
659,2 8 9 13,8.12,90.1,8.37,3.57,medium
624,7 8 11 13,7.93,90.1,8.48,3.85,medium
748,6 6 8 10,8.68,90.1,8.9,3.96,medium
836,3 9 11 12,9.35,90.1,9.79,4.37,medium
541,6 7 11 13,7.51,90.1,7.89,3.44,medium
483,10 12 12 13,7.28,90.1,7.74,3.54,medium
811,1 3 5 7,9.13,90.0,9.38,4.02,medium
805,1 5 6 8,9.1,90.0,9.15,3.84,medium
196,2 11 11 11,6.09,90.0,6.21,2.47,medium
765,3 5 9 12,8.83,90.0,9.14,4.01,medium
737,2 4 9 9,8.6,90.0,8.71,3.82,medium
959,2 3 6 13,10.71,90.0,10.81,4.54,medium
725,3 6 7 12,8.55,90.0,8.81,3.76,medium
534,2 10 10 13,7.49,90.0,7.63,2.85,medium
948,2 3 9 10,10.55,90.0,10.75,4.18,medium
756,1 2 6 11,8.75,90.0,9.19,4.25,medium
856,5 6 8 9,9.54,89.9,9.82,4.35,medium
677,5 8 9 11,8.24,89.9,8.49,3.67,medium
871,4 9 9 10,9.73,89.9,9.98,4.04,medium
527,3 5 5 7,7.47,89.9,7.71,3.14,medium
319,3 7 7 12,6.63,89.9,6.78,2.56,medium
833,3 4 6 10,9.34,89.8,9.84,4.72,medium
790,2 11 12 13,8.97,89.8,9.34,3.94,medium
661,3 4 9 11,8.14,89.8,8.4,4.03,medium
424,8 8 9 11,7.03,89.7,7.57,3.69,medium
411,5 5 10 13,6.99,89.7,7.34,3.26,medium
560,2 6 11 13,7.63,89.7,7.78,3.26,medium
914,1 4 4 8,10.15,89.7,10.37,5.43,medium
629,3 9 12 13,7.97,89.7,8.44,3.93,medium
566,1 9 11 11,7.65,89.7,7.79,3.02,medium
769,9 10 11 13,8.84,89.7,9.09,3.8,medium
1060,2 4 4 10,12.28,89.6,12.37,5.14,medium
1013,1 3 4 8,11.45,89.6,11.57,4.61,medium
583,3 5 8 11,7.75,89.6,8.05,3.47,medium
671,5 5 8 9,8.19,89.6,8.64,3.88,medium
745,2 6 7 8,8.66,89.6,8.97,3.88,medium
509,6 6 6 9,7.38,89.6,7.97,3.92,medium
783,1 3 3 10,8.94,89.6,9.04,4.1,medium
347,7 7 10 13,6.77,89.6,7.06,3.11,medium
718,2 10 11 13,8.5,89.5,8.58,3.43,medium
841,5 9 9 11,9.44,89.5,9.64,3.84,medium
788,6 6 6 12,8.96,89.5,9.18,4.48,medium
795,3 5 6 7,8.99,89.5,9.04,3.8,medium
868,3 8 8 11,9.71,89.5,9.88,4.57,medium
400,1 1 8 8,6.97,89.5,7.42,3.71,medium
535,3 3 5 5,7.49,89.4,7.73,3.16,medium
518,3 3 10 13,7.42,89.4,7.7,3.46,medium
837,2 4 4 7,9.37,89.4,9.55,4.27,medium
694,1 6 12 13,8.38,89.4,8.45,3.24,medium
556,2 8 12 13,7.61,89.4,7.86,3.55,medium
859,4 9 12 12,9.56,89.4,10.06,4.28,medium
771,3 10 11 12,8.85,89.4,9.04,3.71,medium
695,4 4 7 12,8.38,89.4,8.75,4.13,medium
471,1 3 7 8,7.24,89.3,7.43,3.48,medium
735,4 5 9 13,8.59,89.3,9.33,4.75,medium
489,2 3 3 11,7.3,89.3,7.55,3.23,medium
741,2 9 11 11,8.63,89.3,9.08,4.03,medium
1047,1 5 8 11,12.07,89.2,12.42,5.56,medium
374,6 9 12 12,6.88,89.1,7.44,3.67,medium
431,3 5 5 6,7.06,89.1,7.29,3.09,medium
902,1 2 4 7,10.03,89.1,10.3,4.82,medium
890,4 9 11 12,9.96,89.0,10.16,4.25,medium
491,3 5 5 12,7.3,89.0,7.62,3.32,medium
1033,1 4 8 9,11.73,89.0,11.9,5.07,medium
835,3 7 7 10,9.34,89.0,9.62,4.27,medium
892,2 6 12 12,9.97,89.0,10.49,5.13,medium
813,5 7 8 9,9.18,88.9,9.48,4.21,medium
608,4 5 8 9,7.87,88.9,8.25,3.97,medium
791,2 2 5 7,8.98,88.9,9.03,3.68,medium
773,5 6 6 10,8.85,88.9,9.06,3.86,medium
916,3 4 6 11,10.16,88.9,10.38,4.56,medium
1021,2 3 5 7,11.58,88.9,11.67,4.97,medium
752,2 4 10 13,8.71,88.9,9.07,4.43,medium
207,1 7 7 12,6.15,88.9,6.28,2.32,medium
274,6 6 11 12,6.46,88.9,6.77,2.97,medium
702,6 6 9 11,8.4,88.8,8.82,3.98,medium
904,3 4 4 13,10.03,88.8,10.08,4.15,medium
894,6 10 12 12,9.98,88.8,10.25,4.61,medium
361,4 7 7 7,6.83,88.8,7.02,3.01,medium
617,4 8 9 10,7.9,88.8,8.1,3.33,medium
667,5 8 11 13,8.16,88.8,8.32,3.37,medium
680,1 6 11 12,8.28,88.8,8.26,2.97,medium
665,2 8 9 10,8.16,88.8,8.35,3.78,medium
452,6 6 6 11,7.14,88.7,7.39,3.41,medium
994,1 5 6 7,11.22,88.7,11.53,4.63,medium
920,3 3 6 7,10.19,88.7,10.6,4.55,medium
592,3 3 8 9,7.81,88.7,8.19,3.79,medium
688,2 9 10 11,8.33,88.7,8.3,3.31,medium
812,1 5 10 13,9.13,88.6,9.15,3.43,medium
967,3 3 4 11,10.76,88.6,10.88,5.41,medium
768,2 2 5 6,8.84,88.6,9.16,4.38,medium
421,2 9 9 13,7.02,88.6,7.08,2.5,medium
203,4 7 12 12,6.12,88.5,6.51,2.85,medium
253,2 8 11 11,6.37,88.5,6.55,2.78,medium
809,2 3 4 11,9.11,88.5,9.26,4.08,medium
261,4 5 9 9,6.4,88.4,6.64,2.72,medium
784,1 5 5 9,8.94,88.4,9.09,3.7,medium
732,2 8 11 12,8.58,88.3,8.82,4.18,medium
928,6 9 12 13,10.28,88.3,10.45,4.3,medium
690,4 4 4 9,8.34,88.3,8.43,3.94,medium
675,1 8 11 13,8.22,88.2,8.32,3.55,medium
900,1 3 3 11,10.02,88.2,9.98,4.68,medium
526,8 8 8 12,7.46,88.2,7.86,3.98,medium
762,3 7 10 13,8.82,88.2,9.22,4.63,medium
984,2 3 4 9,11.05,88.2,11.11,4.67,medium
952,1 3 6 11,10.64,88.1,10.57,4.29,medium
1031,3 7 9 11,11.7,88.1,11.82,4.84,medium
412,6 8 8 8,6.99,88.1,7.38,3.47,medium
1049,3 4 8 9,12.07,88.1,12.24,5.03,medium
943,1 2 7 11,10.5,88.1,10.57,4.68,medium
602,4 5 10 11,7.85,88.1,8.28,4.17,medium
774,1 1 3 10,8.86,88.1,8.88,3.86,medium
640,2 2 3 7,8.05,88.1,8.43,3.8,medium
983,6 8 8 12,11.02,88.1,11.31,4.99,medium
373,2 5 5 8,6.88,88.0,7.04,3.06,medium
864,1 5 5 11,9.61,88.0,9.77,4.11,medium
845,2 5 6 10,9.46,88.0,9.51,4.42,medium
826,1 9 11 13,9.26,88.0,9.47,4.01,medium
290,3 7 11 11,6.53,88.0,6.77,3.02,medium
926,7 9 9 13,10.26,88.0,10.34,4.64,medium
482,4 5 5 8,7.28,88.0,7.43,2.93,medium
930,5 6 8 12,10.29,87.9,10.35,4.06,medium
1065,1 4 5 7,12.43,87.9,12.45,5.27,medium
330,5 6 7 7,6.69,87.8,6.86,2.72,medium
906,1 11 11 13,10.06,87.7,10.01,4.25,medium
686,6 8 8 11,8.3,87.7,8.55,3.82,medium
918,1 4 5 13,10.18,87.7,10.29,4.48,medium
510,5 5 10 11,7.39,87.7,7.75,3.46,medium
353,4 7 13 13,6.81,87.7,7.06,2.94,medium
254,4 5 13 13,6.37,87.7,6.61,2.77,medium
991,3 4 8 12,11.17,87.7,11.15,5.42,medium
913,4 6 6 9,10.14,87.6,10.45,5.26,medium
708,1 6 10 13,8.44,87.6,8.63,4.1,medium
878,2 4 5 11,9.82,87.6,10.03,4.69,medium
720,2 2 3 13,8.51,87.6,8.54,3.6,medium
895,5 5 5 9,10.0,87.6,9.76,4.11,medium
1070,4 4 6 10,12.57,87.5,12.6,5.35,medium
839,4 5 7 12,9.4,87.5,9.33,3.91,medium
594,5 6 6 6,7.81,87.5,7.91,3.44,medium
819,4 7 7 11,9.22,87.5,9.49,4.52,medium
874,2 3 9 13,9.79,87.5,10.07,5.28,medium
807,2 2 5 11,9.1,87.4,9.42,4.41,medium
881,6 12 13 13,9.85,87.3,9.92,3.85,medium
794,3 4 7 11,8.99,87.3,9.05,4.58,medium
398,2 9 9 11,6.96,87.3,6.96,2.68,medium
858,4 5 7 11,9.55,87.3,9.77,4.97,medium
717,1 4 6 7,8.5,87.3,8.78,4.49,medium
291,3 7 13 13,6.53,87.3,6.67,2.74,medium
944,4 5 6 8,10.5,87.3,10.41,4.23,medium
876,5 6 9 12,9.79,87.2,9.84,4.27,medium
403,5 6 11 11,6.97,87.2,7.18,3.13,medium
1045,1 3 3 6,11.93,87.2,11.83,5.16,medium
998,2 4 9 12,11.26,87.2,11.26,4.76,medium
840,2 7 9 13,9.41,87.2,9.71,4.77,medium
865,2 4 6 13,9.65,87.2,9.94,4.99,medium
961,2 6 8 13,10.72,87.2,10.87,5.06,medium
883,3 4 8 11,9.88,87.2,9.9,4.84,medium
334,4 5 11 11,6.72,87.2,7.19,3.59,medium
896,5 5 6 11,10.0,87.1,9.97,4.57,medium
995,5 8 10 11,11.22,87.1,10.92,4.73,medium
597,5 8 8 9,7.83,87.0,8.05,3.92,medium
689,4 4 8 11,8.33,87.0,8.32,3.69,medium
977,3 3 9 12,10.97,87.0,10.96,4.84,medium
857,3 3 5 9,9.55,87.0,9.56,3.99,medium
1057,6 9 9 12,12.26,87.0,12.17,5.82,medium
993,2 2 8 9,11.21,87.0,11.42,4.95,medium
936,5 6 8 10,10.35,87.0,10.31,4.38,medium
817,3 7 8 9,9.21,86.9,9.2,3.82,medium
562,5 6 10 10,7.63,86.9,7.99,3.73,medium
907,1 8 10 11,10.07,86.9,10.02,3.39,medium
1006,3 3 6 12,11.36,86.9,11.51,6.01,medium
749,5 5 9 10,8.69,86.9,9.06,4.3,medium
935,5 8 11 12,10.34,86.9,10.5,4.16,medium
355,5 6 13 13,6.81,86.9,6.91,2.69,medium
866,6 7 9 12,9.65,86.8,9.59,4.66,medium
887,3 6 9 11,9.91,86.8,9.87,4.65,medium
873,1 7 9 10,9.78,86.8,9.74,3.86,medium
972,1 2 6 10,10.89,86.8,10.8,4.94,medium
911,4 5 7 9,10.12,86.7,10.41,5.0,medium
394,5 5 10 10,6.94,86.7,7.24,3.12,medium
970,2 3 4 7,10.87,86.7,10.78,4.85,medium
772,4 4 8 13,8.85,86.7,8.78,4.2,medium
947,1 4 4 11,10.51,86.7,10.49,5.21,medium
754,3 9 9 10,8.73,86.7,8.78,3.81,medium
804,5 10 10 12,9.08,86.7,9.06,3.56,medium
1001,3 3 5 12,11.31,86.7,11.38,5.1,medium
468,3 7 7 9,7.22,86.6,7.26,2.95,medium
599,2 7 7 11,7.84,86.6,7.89,3.67,medium
691,6 8 10 13,8.36,86.6,8.43,3.64,medium
1027,6 8 9 12,11.67,86.6,11.68,5.06,medium
449,7 8 8 9,7.13,86.6,7.51,3.69,medium
885,4 6 7 10,9.88,86.5,10.04,4.72,medium
976,1 3 7 10,10.97,86.5,10.9,5.15,medium
753,1 3 8 8,8.72,86.5,8.95,4.51,medium
922,5 6 7 13,10.2,86.4,10.44,5.42,medium
898,3 3 6 13,10.01,86.4,10.24,5.25,medium
882,3 3 6 10,9.87,86.4,9.7,4.17,medium
528,4 7 9 9,7.47,86.4,7.59,3.16,medium
980,2 3 10 12,11.0,86.4,11.17,4.04,medium
886,6 11 11 12,9.89,86.4,9.76,3.92,medium
802,2 10 11 11,9.02,86.4,9.05,3.99,medium
763,4 5 8 8,8.82,86.4,8.8,4.02,medium
707,4 4 6 11,8.42,86.3,8.51,4.42,hard
1135,1 3 5 6,14.49,86.3,14.16,5.91,hard
787,4 4 5 10,8.96,86.3,9.07,4.66,hard
848,2 4 5 9,9.49,86.3,9.52,4.62,hard
849,4 7 11 12,9.49,86.3,9.64,4.7,hard
798,3 6 12 13,9.0,86.3,8.93,4.31,hard
513,3 9 13 13,7.4,86.3,7.56,3.26,hard
800,6 8 11 13,9.0,86.3,9.38,4.5,hard
915,1 5 10 11,10.16,86.3,9.92,3.62,hard
1035,2 3 7 13,11.77,86.3,11.62,5.24,hard
474,4 7 11 11,7.25,86.3,7.35,3.32,hard
942,4 5 10 12,10.45,86.2,10.27,4.29,hard
1025,3 5 7 9,11.66,86.2,11.44,4.86,hard
897,6 8 9 9,10.0,86.2,10.02,4.07,hard
785,1 4 6 9,8.95,86.1,8.81,4.02,hard
806,2 2 3 11,9.1,86.1,9.11,4.12,hard
870,6 6 8 8,9.72,86.0,9.63,4.4,hard
733,4 4 4 11,8.58,86.0,8.81,4.65,hard
1041,4 6 6 12,11.88,86.0,11.56,5.8,hard
767,4 12 12 12,8.83,86.0,9.14,4.72,hard
454,2 7 7 13,7.16,86.0,7.27,3.01,hard
1018,3 7 9 12,11.54,85.9,11.56,5.56,hard
903,2 5 8 11,10.03,85.9,10.22,5.08,hard
508,3 9 11 11,7.38,85.8,7.49,3.24,hard
1037,3 5 6 10,11.83,85.8,11.63,5.59,hard
434,5 5 11 11,7.08,85.8,7.3,3.24,hard
875,3 3 3 5,9.79,85.7,9.46,3.98,hard
889,2 4 12 12,9.95,85.7,9.97,4.7,hard
1032,4 8 8 10,11.71,85.7,11.63,5.51,hard
829,1 1 4 10,9.3,85.6,9.15,5.02,hard
1088,4 8 12 12,12.85,85.6,12.23,5.83,hard
950,1 6 6 6,10.59,85.6,10.17,5.05,hard
651,1 3 12 12,8.1,85.5,8.39,4.52,hard
418,5 5 13 13,7.01,85.5,7.17,3.03,hard
492,5 5 9 9,7.3,85.5,7.59,3.37,hard
1008,1 4 7 7,11.38,85.5,11.25,4.6,hard
1048,2 3 5 13,12.07,85.5,11.88,5.34,hard
1071,4 6 9 13,12.58,85.5,12.59,5.18,hard
1107,3 5 7 8,13.37,85.4,12.95,5.94,hard
1024,1 3 7 12,11.64,85.4,10.98,4.98,hard
545,2 4 4 13,7.53,85.4,7.66,3.38,hard
593,3 6 10 10,7.81,85.3,7.81,3.64,hard
946,1 3 9 9,10.51,85.2,10.11,4.02,hard
1029,1 3 7 7,11.69,85.2,11.44,4.62,hard
517,2 10 10 11,7.42,85.2,7.27,2.92,hard
955,6 7 10 12,10.66,85.2,10.62,4.7,hard
992,2 4 6 11,11.18,85.1,10.98,5.39,hard
647,1 1 7 10,8.08,85.1,8.12,4.24,hard
958,1 7 9 11,10.71,85.1,10.44,4.24,hard
863,4 4 5 7,9.57,85.1,9.27,4.41,hard
1009,4 4 5 11,11.39,85.0,11.3,4.82,hard
575,4 4 4 5,7.71,84.9,7.7,3.66,hard
525,2 6 6 13,7.46,84.9,7.54,3.15,hard
838,3 4 5 9,9.38,84.9,9.17,4.45,hard
1020,3 3 5 13,11.57,84.9,11.35,4.69,hard
921,1 5 9 13,10.2,84.9,10.1,4.71,hard
670,5 5 8 8,8.18,84.8,8.36,3.85,hard
960,2 2 5 12,10.72,84.8,10.48,5.13,hard
605,3 9 10 10,7.86,84.7,7.73,3.43,hard
815,8 8 8 13,9.19,84.7,9.17,4.29,hard
822,5 6 7 12,9.23,84.6,9.15,4.29,hard
1026,2 6 10 13,11.67,84.6,11.3,5.46,hard
990,2 3 3 10,11.15,84.6,11.25,4.87,hard
505,7 10 12 12,7.37,84.6,7.57,3.7,hard
910,3 3 7 12,10.11,84.5,10.02,5.26,hard
558,2 4 4 11,7.62,84.5,7.62,3.38,hard
978,3 5 7 10,10.99,84.5,10.67,5.1,hard
824,3 3 3 9,9.25,84.5,9.27,4.67,hard
905,6 7 8 9,10.03,84.5,9.67,4.35,hard
1017,1 6 7 9,11.54,84.4,11.3,4.67,hard
1005,2 3 4 5,11.35,84.4,10.97,5.57,hard
1028,1 5 7 9,11.68,84.4,11.15,4.84,hard
899,6 8 9 11,10.01,84.4,9.79,4.64,hard
929,4 7 9 13,10.29,84.3,10.35,5.72,hard
1042,5 8 10 12,11.88,84.3,11.18,5.05,hard
584,6 6 7 10,7.75,84.2,7.85,4.09,hard
1066,3 4 9 9,12.43,84.2,12.03,4.99,hard
1077,4 4 6 8,12.7,84.2,12.14,6.52,hard
893,3 4 5 6,9.97,84.0,9.91,4.98,hard
692,2 8 8 11,8.37,84.0,8.09,3.45,hard
917,2 4 8 9,10.17,84.0,9.9,4.57,hard
891,7 8 9 13,9.96,84.0,9.71,4.26,hard
862,3 7 8 13,9.57,84.0,9.5,4.79,hard
797,4 7 10 10,8.99,83.9,8.74,4.08,hard
925,6 7 8 11,10.24,83.9,9.96,4.83,hard
1046,2 5 7 13,11.99,83.8,11.74,5.61,hard
780,6 6 8 13,8.9,83.8,8.68,4.24,hard
1068,4 4 7 8,12.52,83.8,12.28,5.55,hard
933,6 6 7 12,10.32,83.8,10.01,4.72,hard
965,1 7 10 13,10.75,83.7,10.33,4.61,hard
956,7 8 8 12,10.66,83.6,10.32,4.47,hard
953,5 10 12 13,10.64,83.5,10.21,4.41,hard
1023,2 7 9 11,11.62,83.5,11.26,5.31,hard
821,3 5 5 9,9.23,83.3,8.9,4.05,hard
919,2 2 7 12,10.19,83.2,9.78,4.39,hard
390,2 5 12 12,6.93,83.2,7.33,4.07,hard
540,2 6 6 11,7.51,83.2,7.35,3.13,hard
986,5 9 12 12,11.07,83.0,10.77,4.73,hard
969,3 9 10 13,10.83,83.0,10.85,6.21,hard
1015,3 7 8 11,11.51,83.0,11.11,5.62,hard
966,1 9 10 13,10.76,83.0,10.25,4.39,hard
713,6 6 8 11,8.47,82.9,8.3,4.31,hard
1040,2 5 8 10,11.88,82.9,11.02,4.82,hard
591,2 5 5 11,7.81,82.9,7.62,3.34,hard
968,2 5 7 7,10.77,82.9,10.41,4.71,hard
1087,3 3 5 10,12.84,82.9,12.05,5.32,hard
814,5 11 12 12,9.19,82.8,8.89,4.07,hard
1099,1 4 5 8,13.16,82.7,12.46,5.64,hard
719,5 7 8 8,8.5,82.7,8.43,4.67,hard
1012,4 8 9 13,11.43,82.7,10.72,5.97,hard
1142,2 6 9 12,14.66,82.7,13.71,6.54,hard
803,7 12 12 13,9.05,82.6,8.84,4.09,hard
985,2 6 7 11,11.07,82.6,10.49,5.02,hard
884,4 4 6 13,9.88,82.6,9.4,5.04,hard
1072,3 5 6 11,12.59,82.5,11.93,6.55,hard
1007,3 6 7 13,11.36,82.5,10.76,6.05,hard
945,6 10 12 13,10.5,82.5,10.05,4.71,hard
1004,3 4 6 9,11.33,82.5,10.75,5.42,hard
729,4 4 9 11,8.57,82.5,8.26,4.41,hard
951,1 2 2 9,10.62,82.4,9.9,4.48,hard
852,4 5 5 7,9.51,82.4,9.15,4.34,hard
1014,8 9 9 12,11.45,82.4,10.81,4.71,hard
1000,4 9 10 13,11.28,82.4,10.72,4.8,hard
1141,3 4 7 12,14.65,82.4,14.04,6.09,hard
1061,3 3 3 4,12.34,82.4,11.57,6.01,hard
934,6 9 9 11,10.33,82.4,9.64,5.0,hard
999,4 8 11 13,11.28,82.4,10.45,5.14,hard
1054,2 5 7 11,12.22,82.4,11.59,5.71,hard
1036,3 5 10 13,11.79,82.3,11.04,5.37,hard
408,9 12 12 12,6.98,82.2,7.03,3.68,hard
1076,2 4 8 13,12.7,82.2,12.07,5.92,hard
1079,1 4 7 9,12.74,82.2,12.0,5.11,hard
1030,2 9 11 13,11.7,82.2,11.25,5.36,hard
1167,2 3 8 10,15.61,82.2,14.94,6.54,hard
1089,2 3 3 3,12.87,82.1,11.84,5.96,hard
1090,2 5 10 13,12.92,82.1,12.4,5.91,hard
1109,1 3 6 10,13.46,82.1,12.08,6.87,hard
1059,2 4 4 5,12.28,82.1,11.3,5.16,hard
1050,2 5 5 7,12.09,82.0,11.59,4.86,hard
1085,1 4 5 9,12.83,81.9,11.81,6.41,hard
979,4 10 12 13,10.99,81.5,10.2,5.37,hard
974,5 6 6 8,10.92,81.5,10.49,5.85,hard
1115,2 10 12 13,13.77,81.4,13.06,6.04,hard
1016,4 6 7 12,11.52,81.4,11.17,5.36,hard
923,5 5 8 10,10.21,81.3,9.68,3.96,hard
1121,2 3 8 9,14.01,81.3,12.85,6.23,hard
1153,3 6 8 13,14.97,81.3,14.28,6.12,hard
973,1 5 12 12,10.9,81.3,10.12,4.86,hard
792,8 8 9 13,8.98,81.2,8.59,4.69,hard
1038,4 5 5 10,11.86,81.2,10.96,4.46,hard
1094,1 1 6 9,13.05,81.0,11.34,6.4,hard
1096,1 5 6 11,13.06,81.0,11.93,6.47,hard
1022,4 6 8 13,11.61,81.0,10.84,5.09,hard
1104,2 8 10 13,13.34,80.9,12.56,5.95,hard
989,5 5 8 13,11.11,80.8,10.59,4.46,hard
1175,2 3 6 7,16.08,80.8,15.05,6.62,hard
1143,5 6 6 12,14.72,80.7,13.46,6.01,hard
1120,2 4 7 9,13.95,80.6,13.14,6.36,hard
714,7 8 8 11,8.48,80.6,8.17,4.53,hard
843,1 7 12 12,9.45,80.6,8.78,4.34,hard
1160,3 6 8 12,15.17,80.5,13.79,6.15,hard
1056,6 9 10 12,12.25,80.5,11.36,5.94,hard
975,7 7 8 11,10.95,80.4,10.02,4.42,hard
1092,2 3 8 8,12.98,80.4,11.84,5.7,hard
1010,6 7 9 9,11.41,80.4,10.68,5.9,hard
939,2 7 12 13,10.44,80.4,9.67,4.84,hard
1125,1 3 7 9,14.22,80.4,12.74,5.47,hard
1128,3 3 8 10,14.27,80.3,13.49,5.53,hard
982,5 8 8 8,11.02,80.2,10.42,5.19,hard
1103,2 3 5 10,13.29,80.2,12.07,5.35,hard
1117,2 3 7 8,13.89,80.2,12.68,5.59,hard
1073,1 5 8 13,12.64,80.1,11.42,5.73,hard
1113,3 8 9 11,13.57,80.1,12.64,6.8,hard
937,6 11 12 13,10.36,80.1,9.55,4.95,hard
1091,1 4 6 6,12.97,80.0,11.77,6.38,hard
1069,3 5 11 12,12.56,79.9,11.32,5.7,hard
1202,2 8 10 12,17.74,79.8,16.35,7.45,hard
1080,4 7 10 12,12.74,79.8,11.37,5.54,hard
1039,7 8 9 10,11.86,79.8,11.04,5.33,hard
941,3 4 9 13,10.45,79.6,9.45,5.34,hard
1161,1 4 4 6,15.31,79.6,13.55,6.77,hard
1044,5 5 8 12,11.91,79.5,10.98,5.06,hard
1150,4 7 8 12,14.95,79.4,13.86,6.69,hard
1118,3 5 9 9,13.9,79.4,12.9,6.13,hard
1126,2 4 9 10,14.24,79.3,12.99,6.0,hard
1158,2 4 10 11,15.16,79.2,13.93,6.45,hard
1011,7 8 10 10,11.42,79.1,10.55,4.89,hard
1123,3 3 9 11,14.2,79.1,13.05,5.65,hard
1122,3 5 5 11,14.19,79.0,13.09,5.43,hard
1097,4 4 5 12,13.09,79.0,11.5,5.91,hard
1106,2 7 10 11,13.37,78.9,12.25,6.04,hard
962,8 8 10 12,10.72,78.7,9.71,5.6,hard
880,2 2 2 5,9.85,78.7,8.96,4.68,hard
1148,2 2 5 10,14.91,78.6,13.45,5.78,hard
1133,2 6 12 13,14.46,78.6,13.39,5.8,hard
1169,2 5 5 9,15.7,78.5,14.39,5.98,hard
1052,2 6 6 7,12.21,78.4,10.67,5.54,hard
1110,4 10 10 12,13.46,78.4,12.16,6.28,hard
1078,2 4 5 7,12.71,78.4,11.3,5.62,hard
996,4 4 9 12,11.24,78.3,10.16,4.72,hard
932,2 5 10 10,10.32,78.3,9.42,3.9,hard
1139,2 5 9 10,14.58,78.1,13.05,6.18,hard
1149,3 3 9 10,14.94,78.1,13.6,6.1,hard
1184,5 5 6 8,16.54,78.1,14.9,6.54,hard
1053,7 10 10 12,12.21,78.0,11.01,5.07,hard
1019,4 5 6 13,11.55,78.0,10.18,5.07,hard
997,2 5 6 6,11.25,78.0,9.88,5.53,hard
1095,5 9 10 13,13.05,78.0,11.54,5.87,hard
1043,3 3 3 11,11.91,78.0,10.71,5.38,hard
1081,4 5 8 13,12.76,78.0,11.33,5.89,hard
987,1 2 7 12,11.1,77.9,9.65,5.55,hard
1108,6 8 11 12,13.39,77.9,12.23,5.74,hard
1137,4 6 9 12,14.54,77.8,12.61,7.02,hard
1166,2 6 11 12,15.49,77.7,13.96,6.35,hard
595,8 11 12 12,7.82,77.5,7.26,3.55,hard
1154,2 2 3 4,14.98,77.4,13.18,6.13,hard
1055,4 4 6 9,12.24,77.4,10.48,5.57,hard
1132,3 4 4 10,14.42,77.1,12.1,6.66,hard
1034,2 5 11 12,11.73,77.1,10.24,5.29,hard
1064,7 9 10 11,12.41,76.9,10.81,5.32,hard
1146,4 4 4 10,14.82,76.9,12.75,6.5,hard
1190,2 3 7 10,16.91,76.9,14.96,6.78,hard
1136,3 3 4 13,14.49,76.8,12.26,6.76,hard
1063,4 9 10 11,12.38,76.8,10.69,5.81,hard
1157,4 6 8 10,15.11,76.7,12.71,7.59,hard
1114,6 12 12 12,13.66,76.6,11.63,6.62,hard
1101,2 2 2 9,13.21,76.6,10.98,6.35,hard
1212,2 4 7 8,18.98,76.5,16.76,7.16,hard
1144,2 5 9 11,14.75,76.5,13.08,6.84,hard
1194,2 3 7 7,17.1,76.5,15.28,6.63,hard
1102,5 7 10 10,13.28,76.5,12.05,5.27,hard
1130,3 4 4 11,14.39,76.4,12.57,6.37,hard
1051,4 10 11 13,12.16,76.2,10.51,5.57,hard
1098,3 5 6 13,13.1,76.0,11.28,5.52,hard
1093,6 9 11 12,13.02,75.9,10.98,5.93,hard
498,5 8 12 12,7.32,75.9,6.76,3.49,hard
1112,4 5 8 10,13.55,75.9,11.31,5.9,hard
1075,7 7 9 10,12.64,75.8,11.23,5.19,hard
1082,5 6 10 12,12.78,75.8,10.91,5.45,hard
1200,3 5 8 9,17.49,75.8,15.67,7.53,hard
1145,5 9 9 12,14.78,75.7,12.97,6.67,hard
1181,1 3 11 12,16.48,75.6,14.03,7.05,hard
1173,1 3 12 13,16.02,75.6,13.66,6.86,hard
1147,3 4 10 10,14.86,75.5,12.9,6.06,hard
1208,4 5 6 9,18.44,75.3,16.49,7.02,hard
1246,2 3 6 8,23.06,75.3,20.16,8.88,hard
964,4 4 7 10,10.74,75.2,8.92,4.39,hard
1216,2 2 4 12,19.2,75.1,15.22,9.15,hard
1067,3 3 6 8,12.46,74.6,10.38,5.58,hard
1074,3 3 9 13,12.64,74.6,10.56,5.85,hard
1119,2 2 5 9,13.93,74.3,11.71,6.28,hard
1084,5 7 7 9,12.8,74.2,11.06,5.06,hard
1221,1 3 3 8,19.57,74.0,15.7,7.86,hard
1131,4 5 8 11,14.4,73.8,11.71,6.59,hard
1100,5 5 7 10,13.19,73.8,11.38,4.96,hard
1203,3 8 9 13,17.76,73.4,15.28,7.09,hard
1231,1 3 8 11,20.54,73.4,16.85,8.28,hard
1188,2 4 4 9,16.71,73.4,13.42,7.28,hard
1062,2 2 2 7,12.35,73.3,9.51,5.67,hard
1129,4 4 5 13,14.32,73.3,11.87,7.01,hard
1111,7 10 11 13,13.49,73.3,11.07,5.79,hard
1134,3 6 11 13,14.46,73.2,11.3,6.74,hard
1186,2 6 10 11,16.57,73.1,13.69,6.98,hard
1105,6 7 7 10,13.34,73.0,10.83,5.3,hard
1197,2 2 9 12,17.27,72.9,14.93,6.39,hard
1241,2 3 5 8,21.44,72.9,17.88,7.71,hard
1159,3 6 6 13,15.17,72.8,12.06,6.38,hard
1180,2 6 6 9,16.46,72.8,13.03,6.55,hard
1164,4 5 7 13,15.43,72.8,12.42,6.22,hard
1176,2 2 6 7,16.26,72.5,13.03,6.84,hard
1083,6 9 11 13,12.78,72.5,10.29,5.96,hard
1213,4 8 9 12,18.98,72.5,16.31,6.84,hard
1210,2 6 8 9,18.52,72.4,15.58,6.65,hard
1183,1 4 10 12,16.53,72.1,12.81,6.61,hard
1219,2 2 4 4,19.5,72.0,15.01,8.18,hard
1179,4 9 9 12,16.33,71.8,13.42,6.47,hard
1155,5 7 8 10,14.99,71.2,12.15,5.63,hard
1182,3 10 11 13,16.48,71.2,13.31,6.3,hard
1168,1 5 5 10,15.65,71.2,11.64,6.98,hard
1185,6 8 9 10,16.55,71.2,12.69,7.07,hard
1140,5 5 9 11,14.6,71.1,12.27,5.16,hard
1124,5 7 9 11,14.2,71.1,11.09,5.89,hard
1162,2 5 8 8,15.42,71.0,11.68,6.59,hard
1174,1 3 8 10,16.05,71.0,12.31,6.49,hard
1156,1 5 11 12,15.01,71.0,11.36,6.19,hard
1199,3 5 7 12,17.46,71.0,14.01,7.67,hard
1116,6 7 10 10,13.83,70.8,10.47,5.73,hard
1086,5 7 11 13,12.83,70.8,10.0,5.17,hard
1201,3 9 9 11,17.68,70.5,13.69,7.48,hard
1218,2 7 10 12,19.38,70.2,15.86,7.05,hard
1205,3 4 8 13,17.98,70.0,13.65,7.61,hard
1152,2 2 7 7,14.97,69.8,11.21,5.96,hard
1206,2 6 7 10,18.01,69.8,12.96,7.22,hard
1193,6 6 9 10,17.09,69.8,13.35,6.88,hard
1207,2 6 9 10,18.43,69.7,14.78,6.85,hard
1178,6 10 11 12,16.3,69.7,12.94,6.17,hard
1172,3 3 8 13,15.87,69.7,11.39,6.25,hard
1236,4 4 8 9,21.14,69.6,16.8,8.28,hard
1215,2 3 10 10,19.18,69.5,14.5,7.5,hard
1237,2 3 3 5,21.16,69.5,15.7,8.49,hard
1229,3 5 10 11,20.53,69.5,15.99,8.37,hard
1228,1 5 7 10,20.39,69.5,16.27,7.63,hard
1138,6 10 10 13,14.57,69.1,10.81,5.99,hard
1177,5 6 9 13,16.28,69.0,12.46,6.11,hard
1171,4 7 8 11,15.79,69.0,10.78,6.62,hard
1238,3 6 9 13,21.16,68.9,17.22,7.59,hard
1220,2 3 11 11,19.52,68.3,14.88,7.67,hard
1239,3 3 7 8,21.37,68.3,16.85,8.09,hard
1214,3 5 9 10,19.12,68.1,14.34,7.53,hard
1191,2 7 10 10,17.01,68.1,13.35,5.81,hard
1196,5 7 7 10,17.26,68.0,13.19,6.49,hard
1211,3 5 12 13,18.66,67.9,14.53,6.59,hard
1233,1 2 8 10,20.88,67.7,15.12,7.81,hard
1165,5 5 5 12,15.48,67.4,10.23,6.42,hard
1225,2 3 9 12,20.01,67.3,13.12,7.61,hard
1209,8 10 12 13,18.47,67.3,14.31,6.27,hard
1250,3 4 4 4,24.47,67.3,17.82,9.81,hard
1127,3 5 12 12,14.26,67.2,9.62,5.75,hard
1187,3 9 9 13,16.62,67.2,12.08,6.04,hard
1245,2 4 5 10,22.9,67.0,17.3,8.07,hard
1198,3 6 8 10,17.4,66.6,11.97,6.77,hard
1170,5 7 12 12,15.74,66.0,10.44,6.26,hard
1195,6 6 6 10,17.22,66.0,11.49,6.49,hard
1235,1 6 10 12,21.11,65.8,13.99,7.82,hard
1248,3 4 5 13,23.39,65.6,17.76,8.49,hard
1217,2 2 9 10,19.3,65.3,14.24,7.34,hard
1163,7 7 7 12,15.42,65.2,8.98,6.11,hard
1226,6 8 10 11,20.09,64.6,13.61,7.17,hard
1230,5 9 12 13,20.53,64.4,15.67,7.03,hard
1151,7 9 12 12,14.96,64.2,9.28,5.41,hard
1189,10 12 12 12,16.86,64.1,10.25,5.73,hard
1240,3 5 7 11,21.39,64.0,14.47,7.8,hard
1204,9 9 9 12,17.85,63.8,9.66,6.59,hard
1253,2 5 10 12,24.67,63.7,17.88,8.55,hard
1223,8 10 12 12,19.59,63.6,11.62,7.37,hard
1242,4 5 7 10,21.65,63.6,14.31,7.8,hard
1256,2 2 5 8,24.84,63.5,16.69,9.19,hard
1192,8 8 8 11,17.01,63.5,10.21,5.97,hard
1272,3 4 5 11,28.16,63.3,20.54,9.87,hard
1222,6 8 8 9,19.59,63.0,11.71,7.2,hard
1254,4 10 11 12,24.71,62.9,17.56,8.97,hard
1265,4 7 8 10,26.26,62.9,18.82,9.21,hard
1232,2 7 12 12,20.66,62.8,12.25,7.39,hard
1249,1 5 9 12,23.75,62.6,14.09,8.74,hard
1261,2 2 6 11,25.22,62.2,18.4,8.58,hard
1262,4 9 10 12,25.27,61.7,17.05,9.01,hard
1243,5 7 10 13,22.5,61.6,16.46,7.35,hard
1247,5 9 11 13,23.25,61.5,16.69,7.75,hard
1224,10 10 10 12,19.93,61.5,10.24,6.8,hard
1227,7 8 8 10,20.1,61.2,12.07,7.63,hard
1270,1 4 9 13,27.76,61.1,18.83,10.02,hard
1258,3 4 7 8,25.04,61.1,14.33,8.25,hard
1251,5 7 9 10,24.53,61.0,15.63,8.68,hard
1275,4 5 9 12,29.11,60.9,22.06,10.07,hard
1244,2 9 10 10,22.59,60.6,16.58,7.36,hard
1255,2 4 5 5,24.72,60.4,15.23,8.46,hard
1266,5 6 7 9,26.31,60.1,16.12,9.07,hard
1234,9 11 12 12,20.88,59.5,10.72,6.43,hard
1259,5 6 6 9,25.04,59.2,14.12,8.75,hard
1268,2 3 13 13,26.93,58.4,17.55,9.57,hard
1252,6 6 7 11,24.57,58.0,13.11,8.12,hard
1273,3 3 6 6,28.41,58.0,14.18,8.38,hard
1279,2 5 12 13,31.29,58.0,22.35,9.97,hard
1267,2 6 9 9,26.53,58.0,14.29,8.07,hard
1263,8 9 11 11,25.64,58.0,15.82,8.41,hard
1264,3 9 11 13,26.26,57.6,13.9,8.31,hard
1276,2 3 7 9,30.64,57.6,18.33,10.12,hard
1281,3 6 7 10,31.92,57.4,21.85,10.37,hard
1257,8 8 9 12,24.93,56.7,12.65,7.52,hard
1280,1 4 6 10,31.39,56.3,18.81,9.37,hard
1269,1 7 12 13,27.75,56.3,15.1,9.28,hard
1282,1 2 7 7,32.73,55.0,17.28,10.37,hard
1286,2 2 3 10,35.18,54.9,18.21,10.27,hard
1271,4 10 10 11,27.76,54.8,19.34,9.04,hard
1283,2 5 8 12,32.82,54.6,17.78,9.75,hard
1260,3 5 10 10,25.12,54.3,12.34,6.59,hard
1277,4 4 7 13,30.78,53.8,15.04,9.44,hard
1274,6 6 9 13,28.91,53.8,13.19,8.3,hard
1284,3 8 10 12,34.45,53.6,20.48,10.33,hard
1278,2 2 7 10,30.9,53.4,16.2,8.61,hard
1287,2 5 7 9,35.29,52.7,23.49,10.35,hard
1289,2 2 6 9,36.11,52.1,17.94,10.05,hard
1292,2 2 3 5,38.49,51.5,15.34,8.81,hard
1291,4 7 9 11,37.32,51.4,22.71,11.23,hard
1288,2 4 7 7,35.73,50.7,17.22,9.67,hard
1294,3 6 6 10,39.12,50.3,18.48,10.7,hard
1290,7 9 11 12,36.61,50.0,17.36,10.44,hard
1295,7 8 9 12,41.23,48.7,16.03,10.12,hard
1285,6 7 11 11,35.1,46.4,19.8,10.15,hard
1293,5 5 8 11,39.1,45.8,24.18,10.92,hard
1298,1 2 9 11,45.03,44.9,22.27,12.16,hard
1315,4 5 6 12,58.44,44.1,21.82,16.05,hard
1308,2 5 6 9,52.95,44.0,27.17,13.41,hard
1299,1 5 5 5,45.49,43.6,11.92,7.27,hard
1296,1 5 11 11,41.41,43.3,15.93,9.75,hard
1300,4 9 11 11,47.16,43.3,25.26,13.98,hard
1301,5 9 10 11,47.17,42.7,28.12,13.4,hard
1307,8 9 10 12,51.24,42.5,21.95,13.98,hard
1303,6 7 7 11,48.6,42.4,27.65,14.51,hard
1316,4 6 7 9,58.49,42.0,19.47,12.15,hard
1306,3 5 8 13,50.53,41.9,30.48,13.89,hard
1302,1 7 13 13,47.38,41.7,13.99,8.41,hard
1297,5 10 10 11,42.21,41.3,14.82,7.03,hard
1304,3 3 7 7,48.84,41.2,12.6,7.37,hard
1310,1 3 9 10,55.16,40.8,23.19,12.28,hard
1323,6 7 8 12,63.27,40.7,16.9,12.18,hard
1322,3 4 6 13,63.1,40.4,20.37,11.69,hard
1311,4 6 6 10,55.98,40.2,22.83,12.31,hard
1313,2 2 11 11,57.22,40.1,13.2,8.62,hard
1331,2 7 8 9,69.74,39.8,18.28,10.87,hard
1318,4 4 10 10,60.61,39.7,13.47,9.13,hard
1314,5 7 9 12,57.59,39.6,17.8,11.41,hard
1324,2 4 11 12,63.58,39.4,23.37,13.12,hard
1312,4 4 7 7,56.41,38.8,14.56,8.11,hard
1305,5 10 10 13,49.61,38.5,17.09,8.06,hard
1309,1 6 11 13,54.62,38.1,18.47,9.98,hard
1321,3 5 8 12,62.47,38.0,27.97,13.34,hard
1320,4 5 6 11,61.48,38.0,19.42,10.88,hard
1317,6 12 12 13,60.5,37.9,15.11,8.3,hard
1329,7 10 12 13,67.86,37.4,22.3,12.55,hard
1326,2 2 13 13,64.44,37.3,14.05,8.25,hard
1319,4 7 11 13,61.01,37.0,30.84,16.48,hard
1330,5 6 8 13,68.54,36.4,22.65,11.42,hard
1327,6 11 12 12,64.75,36.3,15.4,8.93,hard
1334,1 4 7 11,72.93,35.7,29.78,16.43,hard
1325,5 7 10 11,64.03,35.5,23.76,13.12,hard
1328,5 8 9 13,64.8,34.9,34.56,16.2,hard
1333,5 6 9 11,72.21,33.4,26.15,15.0,hard
1332,2 2 6 13,71.49,33.1,30.83,16.35,hard
1336,2 5 7 8,83.96,32.9,28.52,15.64,hard
1345,2 3 8 13,92.19,32.0,23.64,12.74,hard
1335,6 9 9 10,80.98,31.6,32.75,18.6,hard
1350,3 3 8 8,104.24,30.8,15.65,10.6,hard
1347,2 2 10 11,96.37,30.2,26.2,17.05,hard
1341,4 8 8 11,88.95,30.0,23.19,13.84,hard
1346,7 8 10 11,95.22,29.8,24.05,14.09,hard
1349,1 6 6 8,101.21,29.8,21.64,13.19,hard
1337,7 8 8 13,84.91,29.5,27.08,15.03,hard
1352,3 3 5 7,104.76,29.2,28.32,17.86,hard
1340,4 8 8 13,88.89,29.1,24.53,14.05,hard
1351,1 8 12 12,104.58,29.0,20.38,13.12,hard
1342,3 8 8 10,90.4,28.9,25.35,16.08,hard
1360,1 4 5 6,195.91,28.7,18.38,11.81,hard
1353,2 4 7 12,108.41,28.1,28.97,16.35,hard
1348,9 11 12 13,99.38,27.9,22.06,13.19,hard
1339,3 3 7 13,88.82,27.6,32.8,18.62,hard
1338,5 7 7 11,88.29,27.4,25.62,12.84,hard
1357,3 6 6 11,112.28,27.1,24.73,15.29,hard
1343,2 7 7 10,90.8,27.0,26.85,12.93,hard
1361,1 3 4 6,201.57,26.9,19.77,12.1,hard
1344,5 5 7 11,91.1,26.1,25.79,13.15,hard
1355,3 7 9 13,110.86,26.0,39.84,21.67,hard
1356,2 4 10 10,111.72,25.8,28.72,18.53,hard
1354,2 9 13 13,110.09,24.9,30.9,19.5,hard
1358,3 5 7 13,122.99,23.6,38.68,21.2,hard
1359,2 5 5 10,188.2,22.1,24.09,16.42,hard
1362,2 3 5 12,207.89,20.7,29.96,22.37,hard
